risk_id,risk_type,detected_indicators,mitigation,suggestions,owner
R01,QA Regression Cost Overrun with Elevated Retest Cycles,"Repeated regression cycles exceeding plan;QA cost overrun of INR 0.28L (6.7%);QA resource utilization at 22% (4% above plan);Multiple retest requirements;Budget pressure in QA activities","Implement automated regression testing frameworks to reduce manual effort;Establish clear regression test scope and entry/exit criteria;Optimize test case prioritization using risk-based testing;Implement defect prevention measures through code reviews and static analysis;Monitor and control QA resource allocation with daily standups","Invest in test automation tools and training;Establish defect root cause analysis process;Implement shift-left testing practices;Create reusable test assets and frameworks;Conduct retrospectives to identify process improvements",QA Lead
R02,Approval Latency Causing Development Delays and Blocked Work,"Development under budget by INR 0.55L (4.6%) due to late start;7 blocked issues (23.3% of backlog);Approval gate delays;Extended cycle times;Resource idle time;Compressed delivery windows","Establish expedited approval process for critical path items;Implement parallel approval workflows where possible;Create approval escalation matrix with defined SLAs;Conduct daily standup reviews of blocked items;Engage governance team in sprint planning to pre-identify approval needs","Implement automated approval routing system;Establish pre-approved templates for common scenarios;Create governance fast-track process for urgent items;Conduct quarterly approval process optimization reviews;Implement approval dashboard for real-time visibility",PMO Lead
R03,Security Hardening Cost Pressure with Authentication and Access Validation Overruns,"DevOps & Security costs at INR 3.24L (4.5% over plan);Sprint 5 peak spend at INR 4.51L;Extended security validation cycles;Authentication hardening overruns;Access validation complexity;Release-readiness pressure","Implement security-by-design principles from project inception;Establish security validation checkpoints throughout SDLC;Automate security testing and compliance checks;Conduct security architecture reviews early in sprints;Allocate dedicated security buffer in sprint planning","Invest in automated security scanning tools;Conduct security training for development team;Implement DevSecOps practices;Create security testing templates and checklists;Establish security champions program within team",Security Lead
R04,High-Priority Backlog Concentration Risk with Blocked Item Accumulation,"15 high-priority issues (50% of 30-item backlog);7 blocked items requiring escalation;13 items in progress;Resource contention risk;Extended cycle times beyond 5.56-day average;Compressed testing windows","Implement backlog grooming sessions twice weekly;Establish priority escalation and resolution process;Create cross-functional swarm teams for blocked items;Implement WIP (Work In Progress) limits;Conduct daily dependency resolution meetings","Implement backlog health metrics dashboard;Establish priority scoring framework;Create dedicated unblocking task force;Conduct root cause analysis on blocking patterns;Implement proactive dependency mapping",Product Owner
R05,Integration Dependency Risk with Validation Bottlenecks,"Integration costs under budget at INR 2.88L but concentrated in Sprints 4-6;Initial cycle time of 6.6 days;Blocked work related to integration touchpoints;Data validation complexity;Late-stage integration pressure","Implement continuous integration practices;Establish integration testing environment early;Create integration test automation suite;Conduct integration dry runs before final sprints;Implement API contract testing;Establish data validation checkpoints","Implement integration monitoring and alerting;Create integration playbooks and runbooks;Conduct integration architecture reviews;Establish integration testing center of excellence;Implement service virtualization for testing",Integration Lead
R06,Resource Utilization Imbalance with QA Overload Risk,"QA utilization at 22% (4% above plan);Development utilization at 58% (4% below plan);Overall team utilization at 70.4%;QA team overload conditions;Development capacity underutilized;Knowledge concentration in QA","Implement cross-training program for development team on testing;Redistribute testing activities across team members;Establish paired testing approach;Implement test automation to reduce manual QA load;Adjust sprint capacity planning based on actual utilization","Create T-shaped skill development program;Implement quality engineering practices across team;Establish testing guild for knowledge sharing;Conduct capacity planning workshops;Implement predictive resource analytics",Resource Manager
R07,Favorable Variance Erosion Risk from Uncontrolled Validation Activities,"Favorable variance of only INR 0.58L (2.3%);Already absorbed QA overrun of INR 0.28L;Security overrun of INR 0.14L;7 blocked items pending;15 high-priority issues;Remaining validation activities pressure","Implement strict change control process;Establish variance monitoring dashboard with weekly reviews;Create contingency reserve allocation framework;Implement earned value management;Conduct financial health reviews in every sprint retrospective","Establish financial risk reserve policy;Implement predictive budget analytics;Create cost escalation triggers and alerts;Conduct scenario planning for budget variations;Implement zero-based budgeting for remaining activities",Finance Lead
R08,SLA Compliance Sustainability Risk in Final Sprints,"SLA improved from 91% to 98% but sustainability uncertain;KPI index improved from 78 to 90;7 blocked items remaining;15 high-priority issues;Continued QA and security pressure;Final sprint closure pressure","Implement SLA monitoring dashboard with real-time alerts;Establish sprint velocity stabilization measures;Create dedicated closure team for final sprints;Implement risk-based prioritization for remaining work;Conduct daily SLA health checks","Implement predictive SLA analytics;Create SLA buffer strategy;Establish customer communication protocol;Conduct SLA stress testing;Implement continuous improvement feedback loops",Delivery Lead
R09,Defect Leakage Risk from Compressed Testing Cycles,"10 bugs as primary defect class;QA cost overrun of INR 0.28L;Average resolution time of 2.58 days;Multiple retest iterations;Time pressure on QA;Insufficient test coverage risk","Implement defect prevention program through code quality gates;Establish comprehensive test coverage metrics and monitoring;Implement automated regression testing;Create defect triage process with severity-based SLAs;Conduct peer code reviews before QA handoff","Implement static code analysis tools;Establish test-driven development practices;Create defect prediction models;Implement continuous testing in CI/CD pipeline;Conduct defect analysis workshops",QA Lead
R10,Compliance Validation Delay Risk from Approval Bottlenecks,"7 blocked issues including compliance checkpoints;Development underspend of INR 0.55L from delays;Security hardening overrun of INR 0.14L;Compressed compliance validation timeline;Approval bottlenecks;Regulatory risk in finance domain","Establish compliance validation checkpoints throughout project lifecycle;Implement compliance-by-design approach;Create compliance validation automation where possible;Engage compliance officer in sprint planning;Establish compliance fast-track process for critical items;Conduct compliance readiness reviews","Implement compliance management platform;Create compliance validation templates and checklists;Establish compliance guild for knowledge sharing;Conduct compliance training for all team members;Implement continuous compliance monitoring;Create compliance risk register with mitigation plans",Compliance Officer"