risk_id,risk_type,risk_description,mitigation,suggestions,owner
R01,QA Regression Cost Overrun with Elevated Retest Cycles,"Repeated regression cycles exceeding planned effort by INR 0.28L (6.7% overrun); QA resource utilization at 22% (4% above plan); Multiple unplanned regression windows absorbing budget; Delayed closure activities","Implement automated regression testing framework to reduce manual effort; Establish regression test suite optimization and prioritization based on risk; Set up cost tracking dashboard for QA activities with weekly reviews; Implement test case reusability standards; Define clear regression entry and exit criteria; Establish change impact analysis process to minimize regression scope","Conduct root cause analysis of retest cycles; Implement shift-left testing practices; Establish defect prevention workshops; Create regression test optimization roadmap; Implement predictive analytics for test effort estimation; Set up continuous integration with automated test execution",QA Lead
R02,Approval Latency Causing Development Delays and Blocked Work,"Development under budget by INR 0.55L (4.6%) due to late start; 7 blocked issues (23.3% of backlog); Approval gate delays causing resource idle time; Extended cycle times; Compressed delivery windows","Establish approval SLA with escalation matrix; Implement parallel approval workflows where possible; Create fast-track approval process for critical items; Set up automated approval tracking dashboard; Conduct weekly approval bottleneck review meetings; Implement pre-approval readiness checklists; Establish dedicated approval liaison role","Implement approval process reengineering initiative; Create approval decision delegation framework; Establish approval preparedness training for submitters; Set up predictive approval timeline modeling; Implement approval status transparency portal; Create contingency plans for approval delays",PMO Lead
R03,Security Hardening Cost Pressure with Authentication and Access Validation Overruns,"DevOps & Security costs at INR 3.24L (4.5% over budget); Sprint 5 peak spend at INR 4.51L; Authentication hardening and access validation overruns; Extended security validation cycles; Release-readiness security pressure","Implement security-as-code practices to automate validation; Establish security validation checkpoints throughout SDLC; Create security hardening standards and templates; Implement automated security scanning in CI/CD pipeline; Establish security cost tracking with variance analysis; Define security validation scope early in sprint planning","Conduct security architecture review to identify optimization opportunities; Implement security testing automation framework; Establish security champions program; Create security validation playbooks; Implement continuous security monitoring; Set up security debt tracking and remediation planning",Security Lead
R04,High-Priority Backlog Concentration Risk with Blocked Item Accumulation,"15 high-priority issues (50% of 30-item backlog); 7 blocked items requiring escalation; 13 items in progress showing potential overload; Resource contention on critical path; Cycle time risk beyond 5.56-day average","Implement backlog health monitoring with priority distribution targets; Establish blocked item escalation protocol with 24-hour resolution SLA; Create dependency management framework; Implement WIP (Work in Progress) limits; Set up daily blocked item stand-up; Establish priority rebalancing reviews; Create cross-functional unblocking task force","Implement backlog grooming best practices; Establish dependency mapping and proactive resolution; Create capacity planning model considering priority distribution; Implement predictive analytics for bottleneck identification; Set up automated blocked item alerts; Establish technical debt reduction sprints",Product Owner
R05,Integration Dependency Risk with Validation Bottlenecks,"Integration validation under budget at INR 2.88L but concentrated in Sprints 4-6; Initial cycle time of 6.6 days improved to 4.6 days; Blocked work related to integration touchpoints; Data parity validation challenges","Establish integration testing environment with production-like data; Implement API contract testing early in development; Create integration validation checklist and automation; Set up continuous integration testing; Establish data validation framework with automated checks; Implement integration smoke tests in each sprint; Create integration dependency matrix","Conduct integration architecture review; Implement service virtualization for dependency simulation; Establish integration testing center of excellence; Create integration test data management strategy; Implement integration monitoring and alerting; Set up integration regression test suite",Integration Lead
R06,Resource Utilization Imbalance with QA Overload Risk,"QA utilization at 22% (4% above plan); Development at 58% (4% below plan); Overall team utilization at 70.4%; Staged approval-driven development starts; QA team overload conditions","Implement resource leveling across development and QA activities; Establish cross-training program for development team on testing; Create flexible resource allocation model; Implement capacity planning with utilization targets (70-85%); Set up resource utilization dashboard with weekly reviews; Establish QA automation to reduce manual effort; Create resource pool for surge capacity","Conduct skills assessment and gap analysis; Implement T-shaped skills development program; Establish resource sharing framework across projects; Create predictive resource demand modeling; Implement agile team structure with shared ownership; Set up resource wellness monitoring to prevent burnout",Resource Manager
R07,Favorable Variance Erosion Risk from Uncontrolled Validation Activities,"Favorable variance of only INR 0.58L (2.3% of budget); QA overruns of INR 0.28L absorbed; Security overruns of INR 0.14L absorbed; 7 blocked items and 15 high-priority issues requiring resolution; Risk to 126% ROI and INR 6.38L net benefit","Implement strict change control for remaining activities; Establish contingency reserve allocation framework; Create variance tracking dashboard with trend analysis; Implement cost-benefit analysis for all validation activities; Set up weekly financial review meetings; Establish scope prioritization based on business value; Create cost escalation triggers and response protocols","Conduct comprehensive financial risk assessment; Implement earned value management (EVM); Establish financial scenario planning; Create cost optimization task force; Implement zero-based budgeting for remaining activities; Set up financial risk register with mitigation plans; Establish stakeholder communication plan for budget status",Finance Lead
R08,SLA Compliance Sustainability Risk in Final Sprints,"SLA improved from 91% to 98% (current 94.5%); KPI index improved from 78 to 90 (current 84.0); 7 blocked items and 15 high-priority issues in backlog; Increased closure pressure in final sprints; Risk of SLA degradation below 94.5%","Implement SLA monitoring dashboard with real-time alerts; Establish SLA risk assessment for each sprint; Create SLA protection protocols during high-pressure periods; Implement quality gates that cannot be bypassed; Set up dedicated SLA compliance review meetings; Establish escalation procedures for SLA risks; Create SLA performance trending and predictive analytics","Conduct SLA sustainability assessment; Implement continuous improvement program for SLA processes; Establish SLA buffer management strategy; Create customer communication plan for SLA status; Implement lessons learned sessions after each sprint; Set up SLA compliance training for team; Establish SLA recovery procedures",Delivery Lead
R09,Defect Leakage Risk from Compressed Testing Cycles,"10 bugs as primary defect class in 30-item backlog; QA cost overrun of INR 0.28L from regression cycles; Average resolution time of 2.58 days with multiple retest iterations; Time pressure and resource constraints in QA; Risk of insufficient test coverage","Implement risk-based testing approach to prioritize critical areas; Establish defect prevention practices in development; Create automated smoke and regression test suites; Implement shift-left testing with developer testing requirements; Set up defect trend analysis and prediction; Establish test coverage metrics and minimum thresholds; Create exploratory testing sessions for high-risk areas","Conduct test process assessment and optimization; Implement test-driven development (TDD) practices; Establish defect root cause analysis program; Create quality metrics dashboard; Implement peer code reviews with quality checklists; Set up production defect tracking and feedback loop; Establish quality culture training program",QA Lead
R10,Technical Debt Accumulation Risk from Compressed Validation Windows,"Sprint 5 peak spend of INR 4.51L for architecture validation; Approval delays compressing development windows; 7 blocked items requiring escalation; Risk of deferred architecture reviews; Potential scalability and maintainability issues","Establish technical debt tracking and classification system; Implement architecture review checkpoints throughout project; Create technical debt remediation roadmap with prioritization; Set up code quality metrics and monitoring; Implement automated code analysis tools; Establish architecture decision records (ADRs); Create technical debt budget allocation (15-20% of sprint capacity)","Conduct comprehensive architecture assessment; Implement refactoring sprints for technical debt reduction; Establish architecture governance board; Create technical debt impact analysis framework; Implement continuous architecture validation; Set up technical debt communication to stakeholders; Establish long-term technical sustainability plan",Architecture Lead