risk_type,detected_indicators,mitigation,suggestions,owner
R001 - BOLA (Broken Object Level Authorization): Unauthorized access to sensitive data via ID manipulation,"Unauthorized data access attempts;Sequential ID enumeration patterns;Access to objects without proper authorization checks;Abnormal API call patterns targeting different object IDs","Implement object-level authorization checks for every API call;Use UUIDs instead of sequential IDs;Validate user permissions against requested object ownership;Implement audit logging for all object access attempts","Conduct regular penetration testing focused on BOLA vulnerabilities;Implement rate limiting per user;Use API gateway policies to enforce authorization;Train developers on secure coding practices",Security Lead
R002 - Insecure API Key Management: Keys hardcoded in client-side code or public repos,"API keys found in public repositories;Keys visible in client-side JavaScript code;Keys stored in version control history;Unauthorized API usage from leaked keys","Implement secure key management using vault solutions (HashiCorp Vault AWS Secrets Manager);Rotate API keys regularly;Use environment variables for key storage;Implement key scanning in CI/CD pipelines","Use OAuth 2.0 or JWT tokens instead of static API keys;Implement key expiration policies;Monitor for leaked keys using GitHub secret scanning;Conduct security awareness training for developers",Security Lead
R003 - Lack of Rate Limiting: Susceptibility to DoS or Brute Force attacks,"Abnormally high request volumes from single IP;Service degradation during traffic spikes;Successful brute force attempts;Resource exhaustion on API servers","Implement rate limiting at API gateway level;Use token bucket or sliding window algorithms;Set different rate limits for authenticated vs unauthenticated users;Implement IP-based throttling","Use CAPTCHA for sensitive endpoints;Implement progressive delays for repeated failures;Monitor rate limit violations and alert on anomalies;Use CDN with DDoS protection",DevOps Engineer
R004 - Mass Assignment: Updating internal object properties that shouldn't be exposed,"Unauthorized privilege escalation;Internal fields modified through API calls;User role changes without proper authorization;Unexpected object state modifications","Implement explicit allow-lists for updatable fields;Use Data Transfer Objects (DTOs) with strict field mapping;Validate all input parameters against allowed schemas;Implement field-level access controls","Conduct code reviews focusing on mass assignment vulnerabilities;Use ORM features to prevent mass assignment;Implement comprehensive input validation;Test APIs with unexpected parameter combinations",Security Lead
R005 - Broken Function Level Authorization: Accessing admin endpoints with a user token,"Regular users accessing administrative functions;Privilege escalation attempts;Unauthorized access to restricted endpoints;Missing role-based access control checks","Implement role-based access control (RBAC) for all endpoints;Validate user permissions at function level;Use middleware for authorization checks;Deny access by default and explicitly grant permissions","Implement least privilege principle;Regularly audit user roles and permissions;Use API gateway for centralized authorization;Conduct regular security assessments of authorization logic",Security Lead
R006 - Injection Flaws: SQL NoSQL or Command injection via API input parameters,"SQL error messages in API responses;Unusual database query patterns;Command execution attempts in input parameters;NoSQL query manipulation attempts","Use parameterized queries and prepared statements;Implement input validation and sanitization;Use ORM frameworks with built-in protection;Apply principle of least privilege for database accounts","Conduct regular security code reviews;Use static application security testing (SAST) tools;Implement web application firewall (WAF);Train developers on secure coding practices",Security Lead
R007 - Insufficient Logging & Monitoring: Delayed detection of an active breach,"Missing audit trails for security events;Delayed incident detection;Incomplete log data for forensic analysis;No alerting on suspicious activities","Implement comprehensive logging for all API calls;Log authentication attempts authorization failures and data access;Use centralized logging solutions (ELK Stack Splunk);Implement real-time monitoring and alerting","Define security monitoring KPIs;Implement SIEM solution for correlation;Establish incident response procedures;Regularly review and test monitoring effectiveness",Security Lead
R008 - Improper Assets Management: Using Shadow APIs (deprecated/unmanaged versions),"Undocumented API endpoints in production;Deprecated API versions still accessible;Inconsistent API inventory;Unknown or unmanaged API endpoints","Maintain comprehensive API inventory and documentation;Implement API versioning strategy with sunset policies;Use API discovery tools to identify shadow APIs;Decommission deprecated APIs with proper migration plans","Implement API governance framework;Use API management platform for centralized control;Conduct regular API audits;Establish API lifecycle management processes",API Product Manager
R009 - Excessive Data Exposure: API returning full JSON objects relying on UI to filter,"Sensitive data visible in API responses;PII exposed in logs;More data returned than required;Client-side filtering of sensitive information","Implement response filtering at API level;Return only required fields based on user context;Use field-level encryption for sensitive data;Implement data classification and handling policies","Conduct data flow analysis;Implement API response schemas;Use GraphQL for precise data fetching;Regular security assessments of data exposure",Data Engineer
R010 - Unprotected Webhooks: Lack of signature validation on incoming callbacks,"Webhook calls without signature verification;Unauthorized webhook triggers;Replay attacks on webhook endpoints;Missing timestamp validation","Implement HMAC signature verification for webhooks;Validate timestamp to prevent replay attacks;Use HTTPS for all webhook communications;Implement IP whitelisting for webhook sources","Store webhook secrets securely;Implement idempotency for webhook processing;Log all webhook activities;Test webhook security regularly",Security Lead
R011 - Man-in-the-Middle (MITM): Use of weak TLS versions or non-HTTPS endpoints,"Use of TLS 1.0 or 1.1;Unencrypted HTTP endpoints;Weak cipher suites;Missing certificate validation","Enforce TLS 1.2 or higher;Use strong cipher suites only;Implement HSTS (HTTP Strict Transport Security);Use certificate pinning for mobile apps","Regular SSL/TLS configuration audits;Monitor for protocol downgrade attacks;Use automated tools to check TLS configuration;Implement certificate lifecycle management",DevOps Engineer
R012 - CORS Misconfiguration: Overly permissive headers allowing malicious cross-site calls,"Wildcard CORS policies (Access-Control-Allow-Origin: *);Credentials allowed with wildcard origins;Missing CORS validation;Unrestricted cross-origin requests","Implement strict CORS policies with explicit origin whitelisting;Never use wildcard with credentials;Validate Origin header on server-side;Use preflight requests for sensitive operations","Regular CORS policy reviews;Implement CSP (Content Security Policy);Test CORS configuration with security tools;Document approved origins",Security Lead
R013 - Token Expiry Issues: Excessively long-lived JWTs,"JWT tokens with no expiration;Refresh tokens valid indefinitely;Session tokens lasting months;No token revocation mechanism","Implement short-lived access tokens (15-60 minutes);Use refresh token rotation;Implement token revocation mechanism;Store token blacklist for revoked tokens","Implement token lifecycle management;Use secure token storage;Monitor for token abuse;Implement re-authentication for sensitive operations",Security Lead
R014 - Insecure Deserialization: Executing malicious payloads via serialized data,"Arbitrary code execution attempts;Malicious serialized objects in requests;Unexpected object types in deserialization;Remote code execution vulnerabilities","Avoid deserializing untrusted data;Use safe serialization formats (JSON);Implement type validation before deserialization;Use allowlists for deserializable classes","Conduct security code reviews;Use static analysis tools;Implement input validation;Keep serialization libraries updated",Security Lead
R015 - Missing Rate Limiting per Client: One rogue client hogging shared resources,"Single client consuming excessive resources;Uneven resource distribution;Service degradation for other clients;No per-client quotas","Implement per-client rate limiting and quotas;Use token bucket algorithm per client ID;Monitor client usage patterns;Implement fair queuing mechanisms","Establish SLAs with usage limits;Implement client tiering;Use API gateway for quota management;Alert on quota violations",DevOps Engineer
R016 - Lack of Payload Encryption: Sensitive fields visible in gateway logs,"PII visible in application logs;Sensitive data in gateway logs;Unencrypted data in transit internally;Compliance violations (GDPR HIPAA)","Implement field-level encryption for sensitive data;Use TLS for all internal communications;Sanitize logs to remove sensitive data;Implement data masking in logs","Conduct data flow analysis;Implement DLP (Data Loss Prevention);Regular compliance audits;Use encryption key management service",Compliance Officer
R017 - Unauthenticated Health Checks: Exposing internal infrastructure metadata,"Internal system information exposed;Version numbers visible publicly;Infrastructure details in health endpoints;No authentication on diagnostic endpoints","Implement authentication for health check endpoints;Limit information exposed in health checks;Use separate internal and external health endpoints;Implement network-level access controls","Regular security assessments;Use API gateway to protect health endpoints;Monitor access to health endpoints;Document what information is safe to expose",DevOps Engineer
R018 - Replay Attacks: Lack of nonces or timestamps in API requests,"Duplicate transaction processing;Requests replayed after interception;No request uniqueness validation;Missing timestamp validation","Implement nonce (number used once) for each request;Validate request timestamps with acceptable time window;Use request signing with timestamp;Implement idempotency keys","Store processed nonces temporarily;Implement request expiration;Use HTTPS to prevent interception;Monitor for replay attack patterns",Security Lead
R019 - Broken Scopes: OAuth scopes too broad for the requested action,"Excessive permissions granted;OAuth tokens with admin scopes for user actions;No granular permission controls;Scope creep in token generation","Implement principle of least privilege for OAuth scopes;Use granular scopes for specific actions;Validate scopes at each API endpoint;Implement scope-based access control","Regular scope audits;Document scope requirements;Implement scope request justification;Use OAuth 2.0 best practices",Security Lead
R020 - SSRF (Server-Side Request Forgery): Forcing the API to make internal network calls,"API making unexpected internal requests;Access to internal services from API;URL parameter exploitation;Internal network scanning attempts","Validate and sanitize all URLs;Use allowlists for external URLs;Implement network segmentation;Disable unnecessary URL schemes (file:// gopher://)","Use web application firewall;Implement egress filtering;Regular security testing for SSRF;Monitor outbound connections from API",Security Lead
R021 - N+1 Query Problem: Single API call triggering multiple redundant DB queries,"High database query count per request;Slow API response times;Database connection pool exhaustion;Inefficient ORM usage patterns","Implement eager loading for related entities;Use batch queries and joins;Optimize ORM configurations;Implement query result caching","Use database query monitoring tools;Conduct performance profiling;Implement query optimization reviews;Use database connection pooling efficiently",Data Engineer
R022 - Lack of Pagination: Returning 10000+ records in a single response,"Large response payloads;Memory exhaustion on client and server;Slow API response times;Network timeouts","Implement cursor-based or offset-based pagination;Set maximum page size limits;Return total count separately;Use streaming for large datasets","Implement default page sizes;Document pagination in API specs;Use hypermedia links for navigation;Monitor response sizes",Backend Engineer
R023 - Sync/Async Mismatch: Blocking calls for long-running AI model inferences,"Gateway timeouts;Blocked threads waiting for responses;Poor resource utilization;Degraded user experience","Implement asynchronous processing for long-running tasks;Use message queues for background processing;Return job IDs with status polling endpoints;Implement webhooks for completion notifications","Use async/await patterns;Implement timeout configurations;Use circuit breakers;Monitor task completion times",Backend Engineer
R024 - Database Connection Pooling: API nodes exhausting available DB connections,"Connection pool exhaustion errors;Database refusing new connections;Slow query performance;Connection timeout errors","Implement proper connection pool sizing;Use connection pooling best practices;Implement connection timeout and retry logic;Monitor connection pool metrics","Use connection pool monitoring;Implement connection leak detection;Optimize query execution times;Scale database connections appropriately",Data Engineer
R025 - Cache Invalidation Failure: Users receiving stale data from CDN or Redis,"Stale data served to users;Inconsistent data across requests;Cache and database out of sync;Users seeing outdated information","Implement cache invalidation strategies (TTL event-based);Use cache versioning;Implement cache-aside pattern;Use distributed cache invalidation","Monitor cache hit rates;Implement cache warming;Use appropriate TTL values;Test cache invalidation logic",Backend Engineer
R026 - Inefficient Payload Size: Using bulky XML/JSON when Protobuf/Avro is needed,"Large response sizes;High bandwidth consumption;Slow data transfer;Increased latency for mobile users","Implement efficient serialization formats (Protobuf Avro);Use compression (gzip brotli);Minimize response payloads;Implement binary protocols where appropriate","Monitor payload sizes;Benchmark different formats;Implement content negotiation;Use CDN for static content",Backend Engineer
R027 - Cold Start Latency: Significant delay in serverless API functions,"High latency on first request;Inconsistent response times;Poor user experience;Timeout errors on cold starts","Implement provisioned concurrency for critical functions;Use keep-warm strategies;Optimize function initialization;Reduce deployment package size","Monitor cold start metrics;Use appropriate runtime choices;Implement connection pooling outside handler;Consider container-based alternatives",DevOps Engineer
R028 - Memory Leaks: API containers crashing after certain volume of requests,"Increasing memory usage over time;Container restarts;Out of memory errors;Degraded performance before crashes","Implement proper resource cleanup;Use memory profiling tools;Set memory limits and monitoring;Implement graceful degradation","Regular memory profiling;Use garbage collection tuning;Implement health checks;Monitor memory metrics",Backend Engineer
R029 - Thundering Herd: Multiple clients retrying failed calls simultaneously,"Sudden traffic spikes after outages;Cascading failures;Resource exhaustion;Service unavailability","Implement exponential backoff with jitter;Use circuit breakers;Implement request queuing;Rate limit retry attempts","Educate clients on retry best practices;Implement backpressure mechanisms;Use load shedding;Monitor retry patterns",DevOps Engineer
R030 - Lack of Circuit Breakers: Downstream service failure bringing down the API,"Cascading failures;Timeout errors;Resource exhaustion;Complete service outage","Implement circuit breaker pattern;Set appropriate timeout values;Use fallback mechanisms;Implement bulkhead pattern for isolation","Monitor circuit breaker states;Test failure scenarios;Implement graceful degradation;Use service mesh for resilience",DevOps Engineer
R031 - Noisy Neighbors (Multi-tenancy): High-load client affecting global API latency,"Performance degradation for all tenants;Uneven resource consumption;SLA breaches;Resource contention","Implement tenant-level rate limiting;Use resource quotas per tenant;Implement tenant isolation;Use separate resource pools for high-priority tenants","Monitor per-tenant metrics;Implement fair scheduling;Use multi-tenancy best practices;Establish tenant SLAs",DevOps Engineer
R032 - Unoptimized Regex: API input validation causing ReDoS,"High CPU usage during validation;Slow response times;Service unavailability;Timeout errors on specific inputs","Use simple string operations instead of regex where possible;Implement regex timeout limits;Use non-backtracking regex engines;Validate regex patterns for complexity","Test regex with malicious inputs;Use regex analysis tools;Implement input length limits;Monitor validation performance",Backend Engineer
R033 - Dependency Saturation: 3rd party API hitting its own limits,"Third-party API errors;Rate limit errors from dependencies;Feature unavailability;Degraded functionality","Implement retry logic with exponential backoff;Use multiple providers for critical dependencies;Implement caching for third-party data;Monitor third-party API quotas","Establish SLAs with vendors;Implement fallback mechanisms;Use circuit breakers for dependencies;Monitor dependency health",Backend Engineer
R034 - Sub-optimal Load Balancing: Traffic hitting one node while others are idle,"Uneven load distribution;Some nodes overloaded while others idle;Inconsistent performance;Resource waste","Configure load balancer algorithms appropriately;Use health checks for load balancing decisions;Implement session affinity where needed;Monitor load distribution metrics","Use appropriate load balancing strategy;Implement auto-scaling;Monitor node-level metrics;Test load balancing configuration",DevOps Engineer
R035 - Logging Overhead: Excessive Verbose logging slowing down CPU,"High CPU usage from logging;Slow response times;Disk I/O saturation;Performance degradation","Implement appropriate log levels;Use asynchronous logging;Implement log sampling for high-volume endpoints;Use structured logging efficiently","Monitor logging overhead;Implement log level configuration;Use log aggregation;Regular log policy reviews",DevOps Engineer
R036 - Disk I/O Bottleneck: API writing heavy logs to slow local disk,"Slow disk I/O;High disk utilization;Latency spikes;Performance degradation","Use faster storage (SSD NVMe);Implement log rotation;Use remote logging solutions;Implement asynchronous I/O","Monitor disk metrics;Optimize log volume;Use log aggregation services;Implement proper disk sizing",DevOps Engineer
R037 - Inefficient Serialization: High CPU usage during JSON stringification,"High CPU usage;Slow response times;Increased latency;Resource exhaustion","Use efficient JSON libraries;Implement object pooling;Optimize data structures for serialization;Use binary formats for internal communication","Profile serialization performance;Benchmark different libraries;Minimize object complexity;Use caching for repeated serializations",Backend Engineer
R038 - Lack of Gzip/Brotli Compression: High latency for mobile users,"Large response sizes;High bandwidth usage;Slow load times for mobile users;Poor mobile user experience","Enable gzip or brotli compression;Configure compression for appropriate content types;Set compression level appropriately;Use CDN with compression support","Monitor compression ratios;Test with mobile networks;Implement content negotiation;Measure impact on performance",DevOps Engineer
R039 - Auto-scaling Lag: Traffic spikes occurring faster than instances can spin up,"503 errors during traffic spikes;Slow response times;Service degradation;Insufficient capacity","Implement predictive auto-scaling;Use scheduled scaling for known patterns;Reduce instance startup time;Implement request queuing","Monitor scaling metrics;Use appropriate scaling policies;Implement pre-warming;Test scaling scenarios",DevOps Engineer
R040 - Database Lock Contention: High-frequency API writes locking tables,"Deadlock errors;Slow query performance;Transaction timeouts;Database performance degradation","Optimize transaction scope and duration;Use optimistic locking where appropriate;Implement row-level locking;Partition data to reduce contention","Monitor lock wait times;Optimize query patterns;Use read replicas;Implement caching",Data Engineer
R041 - Breaking Changes: Modifying response structures without versioning,"Client application crashes;Integration failures;Data parsing errors;Unexpected behavior","Implement API versioning strategy;Use semantic versioning;Maintain backward compatibility;Provide deprecation notices with migration period","Document all API changes;Use API changelog;Implement contract testing;Communicate changes to clients",API Product Manager
R042 - Inconsistent Naming: Mixing camelCase and snake_case in endpoints,"Developer confusion;Integration errors;Poor developer experience;Inconsistent client code","Establish and enforce naming conventions;Use consistent casing across all endpoints;Document naming standards;Implement linting for API specifications","Conduct API design reviews;Use API style guides;Implement automated validation;Refactor legacy endpoints",API Product Manager
R043 - Poor Error Messages: Returning generic 500 Internal Error without context,"Difficult troubleshooting;High support load;Poor developer experience;Long resolution times","Implement structured error responses;Include error codes and descriptions;Provide actionable error messages;Use appropriate HTTP status codes","Document error codes;Implement error tracking;Use error response standards;Test error scenarios",Backend Engineer
R044 - Lack of Documentation: Outdated Swagger/OpenAPI specs,"Integration delays;Developer frustration;Incorrect API usage;High support burden","Maintain up-to-date API documentation;Generate docs from code;Use OpenAPI/Swagger specifications;Provide code examples and tutorials","Implement documentation in CI/CD;Use interactive API documentation;Gather developer feedback;Regular documentation reviews",Technical Writer
R045 - Non-Standard HTTP Status Codes: Using 200 OK for errors,"Client error handling failures;Incorrect retry logic;Poor API semantics;Integration issues","Use appropriate HTTP status codes;Follow HTTP standards;Use 2xx for success 4xx for client errors 5xx for server errors;Document status code usage","Implement status code validation;Use API testing tools;Follow REST best practices;Educate developers on HTTP standards",Backend Engineer
R046 - Deep Nesting: Overly complex JSON hierarchies,"Difficult data parsing;Poor developer experience;Complex client code;Integration friction","Flatten data structures where possible;Limit nesting depth;Use references for related data;Provide simplified response options","Conduct API design reviews;Use GraphQL for flexible queries;Implement response transformation;Test with client developers",API Product Manager
R047 - Lack of SDKs: Forcing clients to build their own wrappers,"Slow integration;Inconsistent implementations;Higher support burden;Lower adoption","Provide official SDKs for popular languages;Maintain SDK documentation;Keep SDKs updated with API changes;Provide code examples","Use SDK generators;Gather developer feedback;Version SDKs appropriately;Provide SDK support",Developer Relations
R048 - Missing Idempotency: Retried POST calls creating duplicate records,"Duplicate data creation;Data integrity issues;Inconsistent state;Financial discrepancies","Implement idempotency keys for non-idempotent operations;Store request IDs to detect duplicates;Use appropriate HTTP methods (PUT for updates);Return same response for duplicate requests","Document idempotency behavior;Implement idempotency testing;Use database constraints;Monitor for duplicate operations",Backend Engineer
R049 - Field Overloading: One field serving multiple purposes based on context,"Developer confusion;Data validation issues;Type safety problems;Integration errors","Use separate fields for different purposes;Implement clear field semantics;Use appropriate data types;Document field usage clearly","Conduct API design reviews;Use schema validation;Implement type safety;Refactor overloaded fields",API Product Manager
R050 - No Sandbox/Staging Environment: Forcing clients to test in production,"Production incidents from testing;Data corruption;Security risks;Poor developer experience","Provide sandbox/staging environments;Use separate data for testing;Implement environment parity;Provide test data and scenarios","Document environment differences;Implement environment management;Use feature flags;Provide testing guidelines",DevOps Engineer
R051 - Hard-to-Discover Endpoints: Lack of HATEOAS or logical URI structure,"Poor developer experience;Difficult API navigation;Integration friction;Low API adoption","Implement logical URI structure;Use HATEOAS principles;Provide API catalog;Use consistent endpoint patterns","Implement API discovery tools;Use OpenAPI specifications;Provide endpoint documentation;Conduct usability testing",API Product Manager
R052 - Slow Response to Integration Queries: Bottleneck in delivery teams,"Integration delays;Developer frustration;Project delays;Lost opportunities","Establish SLAs for support response;Implement developer portal with self-service;Use community forums;Provide comprehensive documentation","Monitor support metrics;Implement chatbots for common queries;Gather feedback;Improve documentation based on queries",Developer Relations
R053 - Lack of Search/Filter Specs: Inconsistent query parameter syntax,"Developer confusion;Inconsistent implementations;Poor developer experience;Integration errors","Standardize query parameter syntax;Document filtering capabilities;Use consistent operators;Implement query validation","Provide query examples;Use OpenAPI for parameter documentation;Implement query builders;Test query functionality",API Product Manager
R054 - Over-Engineering (GraphQL): Exposing complex graphs for simple CRUD,"Unnecessary complexity;Performance issues;Difficult maintenance;Poor developer experience","Use appropriate technology for use case;Implement REST for simple CRUD;Use GraphQL only when flexibility needed;Simplify API design","Conduct technology assessments;Consider developer experience;Monitor performance;Gather user feedback",API Product Manager
R055 - Under-Engineering: Requiring 10 API calls to complete one logical task,"High latency;Poor user experience;Increased network overhead;Complex client code","Implement composite endpoints for common workflows;Use batch operations;Provide aggregated data endpoints;Optimize API design","Analyze usage patterns;Conduct API design reviews;Implement GraphQL for flexible queries;Gather developer feedback",API Product Manager
R056 - Lack of Deprecation Headers: Removing features without 6-month warnings,"Breaking changes without notice;Client application failures;Poor developer relations;Trust issues","Implement deprecation headers (Sunset Deprecation);Provide 6-12 month deprecation period;Communicate changes through multiple channels;Maintain deprecated endpoints during transition","Use API changelog;Implement version sunset policies;Monitor deprecated endpoint usage;Provide migration guides",API Product Manager
R057 - Undefined Content-Type: API failing when Charset=UTF-8 is missing,"Interoperability failures;Character encoding issues;Integration errors;Data corruption","Always specify Content-Type with charset;Use UTF-8 as default encoding;Validate Content-Type headers;Handle missing headers gracefully","Test with different clients;Document Content-Type requirements;Implement header validation;Use API testing tools",Backend Engineer
R058 - Inconsistent Date Formats: Mixing Unix timestamps and ISO-8601,"Date parsing errors;Time zone confusion;Data inconsistencies;Integration issues","Standardize on ISO-8601 format;Always include timezone information;Document date format requirements;Use consistent formats across all endpoints","Implement date validation;Use date libraries;Test with different timezones;Document date handling",Backend Engineer
R059 - No Mocking Service: Frontend teams blocked by backend development,"Development delays;Team dependencies;Slower delivery;Inefficient workflows","Provide API mocking service;Use tools like Prism or WireMock;Generate mocks from OpenAPI specs;Maintain mock data","Implement contract testing;Use API-first development;Provide sandbox environments;Enable parallel development",DevOps Engineer
R060 - Rigid Data Models: Inability to extend API without breaking changes,"Difficult evolution;Breaking changes required;Technical debt;Poor extensibility","Design for extensibility;Use optional fields;Implement versioning;Use flexible data structures","Conduct API design reviews;Use schema evolution strategies;Implement backward compatibility testing;Plan for future requirements",API Product Manager
R061 - Vendor Lock-in (Gateway): Using proprietary gateway features,"High migration costs;Vendor dependency;Limited flexibility;Increased risk","Use open standards and protocols;Avoid proprietary features;Implement abstraction layers;Use portable configurations","Evaluate multi-cloud strategies;Document vendor dependencies;Implement exit strategies;Use open-source alternatives",Enterprise Architect
R062 - Drift between Code & Docs: OpenAPI spec doesn't match actual behavior,"Integration failures;Developer confusion;Incorrect implementations;Trust issues","Generate documentation from code;Implement contract testing;Use API specification validation;Automate documentation updates","Implement documentation in CI/CD;Use specification-driven development;Regular documentation audits;Use automated testing",Technical Writer
R063 - Inadequate Disaster Recovery: API metadata not backed up across regions,"Data loss risk;Extended downtime;Business continuity issues;Compliance violations","Implement multi-region backups;Use automated backup solutions;Test disaster recovery procedures;Implement geo-redundancy","Document recovery procedures;Conduct DR drills;Monitor backup status;Implement RTO/RPO metrics",DevOps Engineer
R064 - Lack of Quota Management: Enterprise clients exceeding tier without billing,"Revenue leakage;Unfair resource usage;Financial losses;Operational issues","Implement quota management system;Enforce usage limits;Implement billing integration;Monitor usage patterns","Use API management platform;Implement usage analytics;Automate billing;Establish clear pricing tiers",Product Manager
R065 - Compliance Gap: API storing PII in logs violating GDPR/CCPA,"Legal penalties;Compliance violations;Reputational damage;Financial losses","Implement PII detection and masking;Sanitize logs;Use data classification;Implement privacy by design","Conduct privacy impact assessments;Implement DLP solutions;Regular compliance audits;Train teams on privacy requirements",Compliance Officer
R066 - Poor Tenant Isolation: One client seeing another client's usage metrics,"Privacy breach;Data leakage;Compliance violations;Trust issues","Implement strict tenant isolation;Use tenant-specific data partitioning;Validate tenant context in all operations;Implement row-level security","Conduct security audits;Test isolation boundaries;Monitor cross-tenant access attempts;Use multi-tenancy best practices",Security Lead
R067 - No Central Registry: Duplicate APIs being built by different teams,"Resource waste;Inconsistent implementations;Maintenance overhead;Poor governance","Implement API registry/catalog;Establish API governance;Use API management platform;Implement discovery mechanisms","Conduct API inventory;Establish API standards;Implement reuse policies;Use API marketplace",Enterprise Architect
R068 - Missing Service Level Objectives (SLOs): No clear targets for 99th percentile,"Unclear performance expectations;No accountability;Customer dissatisfaction;Operational issues","Define clear SLOs for availability latency and error rates;Implement SLO monitoring;Use error budgets;Establish SLA commitments","Implement observability;Use SLO-based alerting;Regular SLO reviews;Communicate SLOs to stakeholders",Site Reliability Engineer
R069 - Manual Deployment Gaps: Lack of automated testing in CI/CD pipeline,"Regression bugs;Production incidents;Inconsistent deployments;Quality issues","Implement comprehensive automated testing;Use CI/CD pipelines;Implement deployment gates;Use infrastructure as code","Implement test coverage metrics;Use automated quality gates;Implement rollback mechanisms;Conduct deployment audits",DevOps Engineer
R070 - Orphaned APIs: APIs running without active owner or maintainer,"Security vulnerabilities;Outdated dependencies;No support;Compliance risks","Establish API ownership model;Implement lifecycle management;Regular API audits;Decommission unused APIs","Document API ownership;Implement governance processes;Use API management platform;Conduct regular reviews",API Product Manager
R071 - Third-party API Churn: Upstream AI API changing model version,"Sudden functionality changes;Breaking changes;Service disruptions;Quality degradation","Implement version pinning for dependencies;Monitor vendor changelogs;Implement abstraction layers;Use multiple providers","Establish vendor communication;Implement feature flags;Test with new versions;Maintain fallback options",Backend Engineer
R072 - Inconsistent Auth across Microservices: Internal vs External auth friction,"Complex authentication flows;Developer confusion;Security gaps;Integration issues","Standardize authentication mechanisms;Use centralized identity provider;Implement service mesh for internal auth;Use consistent token formats","Document authentication flows;Implement SSO;Use API gateway for auth;Conduct security reviews",Security Lead
R073 - Geographic Latency: API hosted in US-East while client is in Singapore,"High latency;Poor user experience;Slow response times;Regional performance issues","Implement multi-region deployment;Use CDN for static content;Implement geo-routing;Use edge computing","Monitor regional performance;Implement latency SLOs;Use global load balancing;Optimize for geographic distribution",DevOps Engineer
R074 - Lack of Request Tracing: Inability to trace request across 10 microservices,"Difficult troubleshooting;High MTTR;Poor observability;Complex debugging","Implement distributed tracing (Jaeger Zipkin);Use correlation IDs;Implement structured logging;Use observability platforms","Implement trace sampling;Use APM tools;Train teams on tracing;Establish tracing standards",Site Reliability Engineer
R075 - High Gateway Overhead: Complex policies slowing down API request,"Increased latency;Performance degradation;Poor user experience;Resource waste","Optimize gateway policies;Use caching in gateway;Implement policy evaluation optimization;Remove unnecessary transformations","Monitor gateway performance;Benchmark policy impact;Use lightweight policies;Consider gateway alternatives",DevOps Engineer
R076 - Insecure Secret Storage: Vault/Secrets Manager keys leaked in CI/CD,"Credential exposure;System compromise;Data breach;Compliance violations","Use secure secret management (Vault Secrets Manager);Implement secret rotation;Use short-lived credentials;Implement access controls","Conduct secret scanning;Implement secret detection in CI/CD;Train teams on secret management;Regular security audits",Security Lead
R077 - Insufficient Testing Coverage: Only Happy Path tested no edge cases,"Production bugs;Unexpected failures;Poor quality;Customer impact","Implement comprehensive test coverage;Test edge cases and error scenarios;Use property-based testing;Implement chaos engineering","Implement code coverage metrics;Use mutation testing;Conduct exploratory testing;Implement test automation",QA Engineer
R078 - Change Control Failure: Hotfixes applied to Prod without testing,"Production incidents;Service disruptions;Data corruption;Quality issues","Implement change management process;Require testing for all changes;Use deployment gates;Implement rollback procedures","Establish change approval process;Use feature flags;Implement canary deployments;Conduct post-mortems",DevOps Engineer
R079 - API Sprawl: Managing 500+ APIs without unified management layer,"Operational chaos;Inconsistent governance;Security gaps;High maintenance costs","Implement API management platform;Establish API governance;Use API catalog;Implement lifecycle management","Conduct API rationalization;Establish API standards;Implement monitoring;Use automation for management",Enterprise Architect
R080 - Billing Logic Errors: Overcharging/Undercharging for API consumption,"Financial losses;Customer dissatisfaction;Revenue leakage;Compliance issues","Implement accurate usage tracking;Use billing validation;Implement reconciliation processes;Test billing logic thoroughly","Conduct billing audits;Implement usage analytics;Use automated billing;Establish billing SLAs",Product Manager
R081 - Prompt Injection via API: Passing user input directly to LLM endpoint,"AI manipulation;Unauthorized actions;Data leakage;Security breaches","Implement input sanitization for LLM prompts;Use prompt templates;Implement output validation;Use AI safety guardrails","Conduct AI security testing;Implement content filtering;Use prompt engineering best practices;Monitor AI outputs",AI Security Lead
R082 - Large Model Latency: AI inference taking >30s timing out gateway,"Gateway timeouts;Poor user experience;Service disruptions;SLA breaches","Implement asynchronous processing for AI inference;Use model optimization techniques;Implement caching for common queries;Use streaming responses","Optimize model performance;Use appropriate model sizes;Implement timeout handling;Monitor inference latency",ML Engineer
R083 - Non-Deterministic Outputs: API returning different results for same input,"Inconsistent behavior;Testing difficulties;User confusion;Quality issues","Implement deterministic mode where possible;Use temperature=0 for consistent outputs;Implement output validation;Document non-deterministic behavior","Use caching for repeated queries;Implement result validation;Test for consistency;Monitor output variance",ML Engineer
R084 - Token Limit Overrun: Sending too much context to AI API,"400 errors;Request failures;Poor user experience;Service disruptions","Implement token counting before API calls;Use context truncation strategies;Implement summarization for long contexts;Validate input length","Monitor token usage;Implement context management;Use appropriate models;Optimize prompt design",ML Engineer
R085 - Model Version Drift: LLM behavior changing without API version update,"Unexpected behavior changes;Quality degradation;Feature regression;User complaints","Pin model versions;Monitor for model updates;Implement version testing;Use model versioning in API","Establish model governance;Implement A/B testing;Monitor model performance;Document model versions",ML Engineer
R086 - PII in LLM Prompts: Accidentally sending client PII to public AI provider,"Privacy violations;Compliance breaches;Data leakage;Legal penalties","Implement PII detection and redaction;Use private model deployments;Implement data classification;Use on-premise AI solutions","Conduct privacy assessments;Implement DLP;Train teams on privacy;Regular compliance audits",Compliance Officer
R087 - High Cost-per-Call: AI APIs costing more than customer is paying,"Margin erosion;Financial losses;Unsustainable pricing;Business viability issues","Implement cost monitoring and alerts;Optimize model usage;Use cost-effective models;Implement caching strategies","Conduct cost analysis;Optimize pricing;Use reserved capacity;Monitor usage patterns",Product Manager
R088 - Hallucinations in Structured API: AI returning invalid JSON schema,"Parser failures;Integration errors;Data validation issues;Service disruptions","Implement strict output validation;Use structured output modes;Implement schema validation;Use fallback mechanisms","Test AI outputs thoroughly;Implement retry logic;Use output parsers;Monitor validation failures",ML Engineer
R089 - Data Leakage in Vector DB: API querying vectors without proper RBAC,"Unauthorized data access;Privacy violations;Security breaches;Compliance issues","Implement RBAC for vector databases;Use tenant isolation;Implement access logging;Use encryption for vectors","Conduct security audits;Implement access controls;Monitor query patterns;Use secure vector databases",Security Lead
R090 - RAG Retrieval Failure: API returning irrelevant context to LLM,"Low accuracy;Poor quality outputs;User dissatisfaction;Feature failures","Optimize vector search parameters;Implement relevance scoring;Use hybrid search;Implement context validation","Monitor retrieval quality;Implement feedback loops;Optimize embeddings;Test retrieval accuracy",ML Engineer
R091 - Lack of AI Guardrails: API allowing toxic or biased AI responses,"Reputational damage;User harm;Compliance issues;Brand damage","Implement content filtering;Use toxicity detection;Implement bias detection;Use AI safety frameworks","Conduct AI ethics reviews;Implement human review;Monitor AI outputs;Train models responsibly",AI Ethics Lead
R092 - Cold-Start for GPU-bound APIs: Delays in spinning up inference nodes,"High latency;Poor user experience;Inconsistent performance;SLA breaches","Use provisioned capacity;Implement model caching;Use warm pools;Optimize model loading","Monitor cold start metrics;Use appropriate infrastructure;Implement pre-warming;Optimize deployment",ML Engineer
R093 - Training Data Leakage: API exposing data the model was trained on,"IP leakage;Privacy violations;Competitive disadvantage;Compliance issues","Implement output filtering;Use differential privacy;Implement data sanitization;Monitor for memorization","Conduct privacy audits;Use privacy-preserving techniques;Test for data leakage;Implement access controls",AI Security Lead
R094 - Feedback Loop Failure: API not capturing user thumbs up/down for RLHF,"Model stagnation;Quality degradation;Missed improvement opportunities;Poor user alignment","Implement feedback collection mechanisms;Use feedback for model improvement;Implement analytics;Use RLHF pipelines","Monitor feedback rates;Implement feedback incentives;Use feedback analysis;Conduct regular model updates",ML Engineer
R095 - Batch vs Stream Inconsistency: API results differing from batch processing,"Data inconsistencies;User confusion;Quality issues;Trust problems","Ensure consistency between batch and streaming;Use same model versions;Implement validation;Document differences","Test for consistency;Monitor discrepancies;Use unified processing;Implement reconciliation",ML Engineer
R096 - Schema Rigidity in AI: Inability of API to handle evolving AI outputs,"Integration breaks;Maintenance overhead;Poor flexibility;Technical debt","Design flexible schemas;Use optional fields;Implement schema evolution;Use dynamic parsing","Implement schema versioning;Test with various outputs;Use schema validation;Document schema changes",Backend Engineer
R097 - Unmonitored AI Quotas: Running out of OpenAI/Anthropic tokens mid-day,"Service outages;Feature unavailability;User impact;Business disruption","Implement quota monitoring and alerting;Use multiple providers;Implement quota management;Use reserved capacity","Monitor usage patterns;Implement quota forecasting;Use auto-scaling quotas;Establish vendor relationships",ML Engineer
R098 - Model Poisoning: Malicious data fed into fine-tuning via API,"AI sabotage;Model corruption;Quality degradation;Security breaches","Implement input validation for training data;Use data provenance tracking;Implement anomaly detection;Use secure training pipelines","Conduct security reviews;Implement access controls;Monitor training data;Use data validation",AI Security Lead
R099 - Lack of Explainability: API provides answer but no Reasoning trace,"Trust deficit;Difficult debugging;Compliance issues;User skepticism","Implement explainability features;Use chain-of-thought prompting;Provide reasoning traces;Implement confidence scores","Document AI decision making;Implement interpretability tools;Use transparent models;Provide explanations",ML Engineer
R100 - Over-reliance on AI: API failing when underlying AI service is down,"Low resilience;Service disruptions;Business impact;Poor user experience","Implement fallback mechanisms;Use multiple AI providers;Implement graceful degradation;Use caching for common queries","Monitor AI service health;Implement circuit breakers;Use hybrid approaches;Test failure scenarios",ML Engineer